<?xml version="1.0" encoding="UTF-8"?>

<CodeSystem xmlns="http://hl7.org/fhir">
  <id value="CostBasedServiceGroups"/>
  <text>
    <status value="generated"/><div xmlns="http://www.w3.org/1999/xhtml"><p>This  code system <code>http://example.org/CodeSystem/CostBasedServiceGroups</code> defines the following codes:</p><table class="codes"><tr><td style="white-space:nowrap"><b>Code</b></td><td><b>Display</b></td></tr><tr><td style="white-space:nowrap">1<a name="CostBasedServiceGroups-1"> </a></td><td>Testing</td></tr><tr><td style="white-space:nowrap">2<a name="CostBasedServiceGroups-2"> </a></td><td>Medical imaging</td></tr><tr><td style="white-space:nowrap">3<a name="CostBasedServiceGroups-3"> </a></td><td>Function testing</td></tr><tr><td style="white-space:nowrap">4<a name="CostBasedServiceGroups-4"> </a></td><td>Drugs in the list of drugs covered by health insurance</td></tr><tr><td style="white-space:nowrap">5<a name="CostBasedServiceGroups-5"> </a></td><td>Drugs which are not in the list of drugs covered by health insurance</td></tr><tr><td style="white-space:nowrap">6<a name="CostBasedServiceGroups-6"> </a></td><td>Drugs for which payment is made according to coinsurance percentage</td></tr><tr><td style="white-space:nowrap">7<a name="CostBasedServiceGroups-7"> </a></td><td>Blood and blood products</td></tr><tr><td style="white-space:nowrap">8<a name="CostBasedServiceGroups-8"> </a></td><td>Surgery and procedures</td></tr><tr><td style="white-space:nowrap">9<a name="CostBasedServiceGroups-9"> </a></td><td>Medical technical services for which payment is made according to coinsurance percentage</td></tr><tr><td style="white-space:nowrap">10<a name="CostBasedServiceGroups-10"> </a></td><td>Medical supplies in the list of medical supplies covered by health insurance</td></tr><tr><td style="white-space:nowrap">11<a name="CostBasedServiceGroups-11"> </a></td><td>Medical supplies for which payment is made according to coinsurance percentage</td></tr><tr><td style="white-space:nowrap">12<a name="CostBasedServiceGroups-12"> </a></td><td>Transport</td></tr><tr><td style="white-space:nowrap">13<a name="CostBasedServiceGroups-13"> </a></td><td>Medical examination</td></tr><tr><td style="white-space:nowrap">14<a name="CostBasedServiceGroups-14"> </a></td><td>Days of day hospital bed</td></tr><tr><td style="white-space:nowrap">15<a name="CostBasedServiceGroups-15"> </a></td><td>Days of inpatient hospital beds, including post-operative beds</td></tr></table></div>
  </text>
  <url value="http://example.org/CodeSystem/CostBasedServiceGroups"/>
  <version value="0.1.0"/>
  <name value="CostBasedServiceGroups"/>
  <title value="Cost-based groups of medical services"/>
  <status value="draft"/>
  <date value="2023-10-05T08:24:31+00:00"/>
  <publisher value="PATH - TAP"/>
  <contact>
    <name value="PATH - TAP"/>
    <telecom>
      <system value="url"/>
      <value value="http://path.org"/>
    </telecom>
  </contact>
  <description value="Cost-based groups of medical services."/>
  <content value="complete"/>
  <count value="15"/>
  <concept>
    <code value="1"/>
    <display value="Testing"/>
  </concept>
  <concept>
    <code value="2"/>
    <display value="Medical imaging"/>
  </concept>
  <concept>
    <code value="3"/>
    <display value="Function testing"/>
  </concept>
  <concept>
    <code value="4"/>
    <display value="Drugs in the list of drugs covered by health insurance"/>
  </concept>
  <concept>
    <code value="5"/>
    <display value="Drugs which are not in the list of drugs covered by health insurance"/>
  </concept>
  <concept>
    <code value="6"/>
    <display value="Drugs for which payment is made according to coinsurance percentage"/>
  </concept>
  <concept>
    <code value="7"/>
    <display value="Blood and blood products"/>
  </concept>
  <concept>
    <code value="8"/>
    <display value="Surgery and procedures"/>
  </concept>
  <concept>
    <code value="9"/>
    <display value="Medical technical services for which payment is made according to coinsurance percentage"/>
  </concept>
  <concept>
    <code value="10"/>
    <display value="Medical supplies in the list of medical supplies covered by health insurance"/>
  </concept>
  <concept>
    <code value="11"/>
    <display value="Medical supplies for which payment is made according to coinsurance percentage"/>
  </concept>
  <concept>
    <code value="12"/>
    <display value="Transport"/>
  </concept>
  <concept>
    <code value="13"/>
    <display value="Medical examination"/>
  </concept>
  <concept>
    <code value="14"/>
    <display value="Days of day hospital bed"/>
  </concept>
  <concept>
    <code value="15"/>
    <display value="Days of inpatient hospital beds, including post-operative beds"/>
  </concept>
</CodeSystem>