{
  "resourceType" : "CodeSystem",
  "id" : "AccidentsInjuriesCategories",
  "text" : {
    "status" : "generated",
    "div" : "<div xmlns=\"http://www.w3.org/1999/xhtml\"><p>This  code system <code>http://example.org/CodeSystem/AccidentsInjuriesCategories</code> defines the following codes:</p><table class=\"codes\"><tr><td style=\"white-space:nowrap\"><b>Code</b></td><td><b>Display</b></td></tr><tr><td style=\"white-space:nowrap\">K01<a name=\"AccidentsInjuriesCategories-K01\"> </a></td><td>Outpatient Department</td></tr><tr><td style=\"white-space:nowrap\">K02<a name=\"AccidentsInjuriesCategories-K02\"> </a></td><td>Intensive Care Department</td></tr><tr><td style=\"white-space:nowrap\">K03<a name=\"AccidentsInjuriesCategories-K03\"> </a></td><td>General Medicine Department</td></tr><tr><td style=\"white-space:nowrap\">K04<a name=\"AccidentsInjuriesCategories-K04\"> </a></td><td>Cardiovascular Department</td></tr><tr><td style=\"white-space:nowrap\">K05<a name=\"AccidentsInjuriesCategories-K05\"> </a></td><td>Digestive Department</td></tr><tr><td style=\"white-space:nowrap\">K06<a name=\"AccidentsInjuriesCategories-K06\"> </a></td><td>Musculo-sckeletal Department</td></tr><tr><td style=\"white-space:nowrap\">K07<a name=\"AccidentsInjuriesCategories-K07\"> </a></td><td>Department of Internal Urology</td></tr><tr><td style=\"white-space:nowrap\">K08<a name=\"AccidentsInjuriesCategories-K08\"> </a></td><td>Endocrinology Department</td></tr><tr><td style=\"white-space:nowrap\">K09<a name=\"AccidentsInjuriesCategories-K09\"> </a></td><td>Department of Allergy</td></tr><tr><td style=\"white-space:nowrap\">K10<a name=\"AccidentsInjuriesCategories-K10\"> </a></td><td>Department of Clinical Hematology</td></tr><tr><td style=\"white-space:nowrap\">K11<a name=\"AccidentsInjuriesCategories-K11\"> </a></td><td>Infectious Disease Department</td></tr><tr><td style=\"white-space:nowrap\">K12<a name=\"AccidentsInjuriesCategories-K12\"> </a></td><td>Tuberculosis Department</td></tr><tr><td style=\"white-space:nowrap\">K13<a name=\"AccidentsInjuriesCategories-K13\"> </a></td><td>Department of Dermatology</td></tr><tr><td style=\"white-space:nowrap\">K14<a name=\"AccidentsInjuriesCategories-K14\"> </a></td><td>Neurology Department</td></tr><tr><td style=\"white-space:nowrap\">K15<a name=\"AccidentsInjuriesCategories-K15\"> </a></td><td>Department of Mental Health</td></tr><tr><td style=\"white-space:nowrap\">K16<a name=\"AccidentsInjuriesCategories-K16\"> </a></td><td>Department of Traditional Medicine</td></tr><tr><td style=\"white-space:nowrap\">K17<a name=\"AccidentsInjuriesCategories-K17\"> </a></td><td>Department of Geriatrics</td></tr><tr><td style=\"white-space:nowrap\">K18<a name=\"AccidentsInjuriesCategories-K18\"> </a></td><td>Pediatrics Department</td></tr><tr><td style=\"white-space:nowrap\">K19<a name=\"AccidentsInjuriesCategories-K19\"> </a></td><td>General Surgery Department</td></tr><tr><td style=\"white-space:nowrap\">K20<a name=\"AccidentsInjuriesCategories-K20\"> </a></td><td>Neurosurgery Department</td></tr><tr><td style=\"white-space:nowrap\">K21<a name=\"AccidentsInjuriesCategories-K21\"> </a></td><td>Thoracic Surgery Department</td></tr><tr><td style=\"white-space:nowrap\">K22<a name=\"AccidentsInjuriesCategories-K22\"> </a></td><td>Department of Digestive Surgery</td></tr><tr><td style=\"white-space:nowrap\">K23<a name=\"AccidentsInjuriesCategories-K23\"> </a></td><td>Department of Urologic Surgery</td></tr><tr><td style=\"white-space:nowrap\">K24<a name=\"AccidentsInjuriesCategories-K24\"> </a></td><td>Trauma and Orthopedic Department</td></tr><tr><td style=\"white-space:nowrap\">K25<a name=\"AccidentsInjuriesCategories-K25\"> </a></td><td>Department of Burns</td></tr><tr><td style=\"white-space:nowrap\">K26<a name=\"AccidentsInjuriesCategories-K26\"> </a></td><td>Department of Anesthesia and Surgical Intensive Care</td></tr><tr><td style=\"white-space:nowrap\">K27<a name=\"AccidentsInjuriesCategories-K27\"> </a></td><td>Department of Obstetrics</td></tr><tr><td style=\"white-space:nowrap\">K28<a name=\"AccidentsInjuriesCategories-K28\"> </a></td><td>ENT Department</td></tr><tr><td style=\"white-space:nowrap\">K29<a name=\"AccidentsInjuriesCategories-K29\"> </a></td><td>Department of Odontology</td></tr><tr><td style=\"white-space:nowrap\">K30<a name=\"AccidentsInjuriesCategories-K30\"> </a></td><td>Department of Ophthalmology</td></tr><tr><td style=\"white-space:nowrap\">K31<a name=\"AccidentsInjuriesCategories-K31\"> </a></td><td>Department of Physiotherapy and Rehabilitation</td></tr><tr><td style=\"white-space:nowrap\">K32<a name=\"AccidentsInjuriesCategories-K32\"> </a></td><td>Department of Nuclear Medicine</td></tr><tr><td style=\"white-space:nowrap\">K33<a name=\"AccidentsInjuriesCategories-K33\"> </a></td><td>Department of Oncology (radiation therapy)</td></tr><tr><td style=\"white-space:nowrap\">K34<a name=\"AccidentsInjuriesCategories-K34\"> </a></td><td>Blood Transfusion Department</td></tr><tr><td style=\"white-space:nowrap\">K35<a name=\"AccidentsInjuriesCategories-K35\"> </a></td><td>Department of Blood Purification</td></tr><tr><td style=\"white-space:nowrap\">K36<a name=\"AccidentsInjuriesCategories-K36\"> </a></td><td>Hematology Department</td></tr><tr><td style=\"white-space:nowrap\">K37<a name=\"AccidentsInjuriesCategories-K37\"> </a></td><td>Department of Biochemistry</td></tr><tr><td style=\"white-space:nowrap\">K38<a name=\"AccidentsInjuriesCategories-K38\"> </a></td><td>Department of Microbiology</td></tr><tr><td style=\"white-space:nowrap\">K39<a name=\"AccidentsInjuriesCategories-K39\"> </a></td><td>Department of Medical Imaging</td></tr><tr><td style=\"white-space:nowrap\">K40<a name=\"AccidentsInjuriesCategories-K40\"> </a></td><td>Department of Functional Tests</td></tr><tr><td style=\"white-space:nowrap\">K41<a name=\"AccidentsInjuriesCategories-K41\"> </a></td><td>Department of Endoscopy</td></tr><tr><td style=\"white-space:nowrap\">K42<a name=\"AccidentsInjuriesCategories-K42\"> </a></td><td>Department of Pathology</td></tr><tr><td style=\"white-space:nowrap\">K43<a name=\"AccidentsInjuriesCategories-K43\"> </a></td><td>Department of Infection Control</td></tr><tr><td style=\"white-space:nowrap\">K44<a name=\"AccidentsInjuriesCategories-K44\"> </a></td><td>Department of Pharmacy</td></tr><tr><td style=\"white-space:nowrap\">K45<a name=\"AccidentsInjuriesCategories-K45\"> </a></td><td>Department of Nutrition</td></tr><tr><td style=\"white-space:nowrap\">K46<a name=\"AccidentsInjuriesCategories-K46\"> </a></td><td>Molecular Biology Department</td></tr><tr><td style=\"white-space:nowrap\">K47<a name=\"AccidentsInjuriesCategories-K47\"> </a></td><td>Laboratory Department</td></tr><tr><td style=\"white-space:nowrap\">K48<a name=\"AccidentsInjuriesCategories-K48\"> </a></td><td>Department of Intensive Care</td></tr><tr><td style=\"white-space:nowrap\">K49<a name=\"AccidentsInjuriesCategories-K49\"> </a></td><td>Department of Poisoning Control</td></tr><tr><td style=\"white-space:nowrap\">K50<a name=\"AccidentsInjuriesCategories-K50\"> </a></td><td>Respiratory Department</td></tr></table></div>"
  },
  "url" : "http://example.org/CodeSystem/AccidentsInjuriesCategories",
  "version" : "0.1.0",
  "name" : "AccidentsInjuriesCategories",
  "title" : "Categories of Accidents and Injuries",
  "status" : "draft",
  "date" : "2023-10-05T08:24:31+00:00",
  "publisher" : "PATH - TAP",
  "contact" : [{
    "name" : "PATH - TAP",
    "telecom" : [{
      "system" : "url",
      "value" : "http://path.org"
    }]
  }],
  "description" : "Categories of Accidents and Injuries.",
  "content" : "complete",
  "count" : 50,
  "concept" : [{
    "code" : "K01",
    "display" : "Outpatient Department"
  },
  {
    "code" : "K02",
    "display" : "Intensive Care Department"
  },
  {
    "code" : "K03",
    "display" : "General Medicine Department"
  },
  {
    "code" : "K04",
    "display" : "Cardiovascular Department"
  },
  {
    "code" : "K05",
    "display" : "Digestive Department"
  },
  {
    "code" : "K06",
    "display" : "Musculo-sckeletal Department"
  },
  {
    "code" : "K07",
    "display" : "Department of Internal Urology"
  },
  {
    "code" : "K08",
    "display" : "Endocrinology Department"
  },
  {
    "code" : "K09",
    "display" : "Department of Allergy"
  },
  {
    "code" : "K10",
    "display" : "Department of Clinical Hematology"
  },
  {
    "code" : "K11",
    "display" : "Infectious Disease Department"
  },
  {
    "code" : "K12",
    "display" : "Tuberculosis Department"
  },
  {
    "code" : "K13",
    "display" : "Department of Dermatology"
  },
  {
    "code" : "K14",
    "display" : "Neurology Department"
  },
  {
    "code" : "K15",
    "display" : "Department of Mental Health"
  },
  {
    "code" : "K16",
    "display" : "Department of Traditional Medicine"
  },
  {
    "code" : "K17",
    "display" : "Department of Geriatrics"
  },
  {
    "code" : "K18",
    "display" : "Pediatrics Department"
  },
  {
    "code" : "K19",
    "display" : "General Surgery Department"
  },
  {
    "code" : "K20",
    "display" : "Neurosurgery Department"
  },
  {
    "code" : "K21",
    "display" : "Thoracic Surgery Department"
  },
  {
    "code" : "K22",
    "display" : "Department of Digestive Surgery"
  },
  {
    "code" : "K23",
    "display" : "Department of Urologic Surgery"
  },
  {
    "code" : "K24",
    "display" : "Trauma and Orthopedic Department"
  },
  {
    "code" : "K25",
    "display" : "Department of Burns"
  },
  {
    "code" : "K26",
    "display" : "Department of Anesthesia and Surgical Intensive Care"
  },
  {
    "code" : "K27",
    "display" : "Department of Obstetrics"
  },
  {
    "code" : "K28",
    "display" : "ENT Department"
  },
  {
    "code" : "K29",
    "display" : "Department of Odontology"
  },
  {
    "code" : "K30",
    "display" : "Department of Ophthalmology"
  },
  {
    "code" : "K31",
    "display" : "Department of Physiotherapy and Rehabilitation"
  },
  {
    "code" : "K32",
    "display" : "Department of Nuclear Medicine"
  },
  {
    "code" : "K33",
    "display" : "Department of Oncology (radiation therapy)"
  },
  {
    "code" : "K34",
    "display" : "Blood Transfusion Department"
  },
  {
    "code" : "K35",
    "display" : "Department of Blood Purification"
  },
  {
    "code" : "K36",
    "display" : "Hematology Department"
  },
  {
    "code" : "K37",
    "display" : "Department of Biochemistry"
  },
  {
    "code" : "K38",
    "display" : "Department of Microbiology"
  },
  {
    "code" : "K39",
    "display" : "Department of Medical Imaging"
  },
  {
    "code" : "K40",
    "display" : "Department of Functional Tests"
  },
  {
    "code" : "K41",
    "display" : "Department of Endoscopy"
  },
  {
    "code" : "K42",
    "display" : "Department of Pathology"
  },
  {
    "code" : "K43",
    "display" : "Department of Infection Control"
  },
  {
    "code" : "K44",
    "display" : "Department of Pharmacy"
  },
  {
    "code" : "K45",
    "display" : "Department of Nutrition"
  },
  {
    "code" : "K46",
    "display" : "Molecular Biology Department"
  },
  {
    "code" : "K47",
    "display" : "Laboratory Department"
  },
  {
    "code" : "K48",
    "display" : "Department of Intensive Care"
  },
  {
    "code" : "K49",
    "display" : "Department of Poisoning Control"
  },
  {
    "code" : "K50",
    "display" : "Respiratory Department"
  }]
}