{
  "resourceType" : "ValueSet",
  "id" : "RadLex",
  "text" : {
    "status" : "generated",
    "div" : "<div xmlns=\"http://www.w3.org/1999/xhtml\"><ul><li>Include all codes defined in <a href=\"http://terminology.hl7.org/5.3.0/CodeSystem-RadLex.html\"><code>http://radlex.org</code></a></li></ul></div>"
  },
  "url" : "http://example.org/ValueSet/RadLex",
  "version" : "0.1.0",
  "name" : "RadLex",
  "title" : "RadLex",
  "status" : "draft",
  "date" : "2023-10-05T08:24:31+00:00",
  "publisher" : "PATH - TAP",
  "contact" : [{
    "name" : "PATH - TAP",
    "telecom" : [{
      "system" : "url",
      "value" : "http://path.org"
    }]
  }],
  "description" : "RadLex",
  "compose" : {
    "include" : [{
      "system" : "http://radlex.org"
    }]
  }
}